{
	"info": {
		"_postman_id": "81e6bcc7-2e64-4819-a1cb-759772ba182b",
		"name": "NestJSStockWorkshop",
		"schema": "https://schema.getpostman.com/json/collection/v2.1.0/collection.json"
	},
	"item": [
		{
			"name": "AddStock",
			"request": {
				"method": "POST",
				"header": [],
				"body": {
					"mode": "raw",
					"raw": "{\"name\":\"WeMOS ESP8266 v2\", \"price\":180, \"stock\":20}",
					"options": {
						"raw": {
							"language": "json"
						}
					}
				},
				"url": {
					"raw": "http://localhost:3000/stock",
					"protocol": "http",
					"host": [
						"localhost"
					],
					"port": "3000",
					"path": [
						"stock"
					]
				}
			},
			"response": []
		},
		{
			"name": "AddStockMultipart",
			"request": {
				"method": "POST",
				"header": [],
				"body": {
					"mode": "formdata",
					"formdata": [
						{
							"key": "file",
							"type": "file",
							"src": "/Users/chaiyasit/Downloads/nest copy.jpeg"
						},
						{
							"key": "name",
							"value": "relay 12v 5amp iot",
							"type": "text"
						},
						{
							"key": "stock",
							"value": "10",
							"type": "text"
						},
						{
							"key": "price",
							"value": "220",
							"type": "text"
						}
					],
					"options": {
						"raw": {
							"language": "json"
						}
					}
				},
				"url": {
					"raw": "http://localhost:3000/stock",
					"protocol": "http",
					"host": [
						"localhost"
					],
					"port": "3000",
					"path": [
						"stock"
					]
				}
			},
			"response": []
		},
		{
			"name": "GetStocks",
			"protocolProfileBehavior": {
				"disableBodyPruning": true
			},
			"request": {
				"method": "GET",
				"header": [],
				"body": {
					"mode": "urlencoded",
					"urlencoded": [
						{
							"key": "name",
							"value": "test",
							"type": "text"
						},
						{
							"key": "price",
							"value": "1234",
							"type": "text"
						},
						{
							"key": "stock",
							"value": "10",
							"type": "text"
						}
					]
				},
				"url": {
					"raw": "http://localhost:3000/stock",
					"protocol": "http",
					"host": [
						"localhost"
					],
					"port": "3000",
					"path": [
						"stock"
					]
				}
			},
			"response": []
		},
		{
			"name": "GetStockById",
			"protocolProfileBehavior": {
				"disableBodyPruning": true
			},
			"request": {
				"method": "GET",
				"header": [],
				"body": {
					"mode": "urlencoded",
					"urlencoded": [
						{
							"key": "name",
							"value": "test",
							"type": "text"
						},
						{
							"key": "price",
							"value": "1234",
							"type": "text"
						},
						{
							"key": "stock",
							"value": "10",
							"type": "text"
						}
					]
				},
				"url": {
					"raw": "http://localhost:3000/stock/12",
					"protocol": "http",
					"host": [
						"localhost"
					],
					"port": "3000",
					"path": [
						"stock",
						"12"
					]
				}
			},
			"response": []
		},
		{
			"name": "DeleteStockById",
			"request": {
				"method": "DELETE",
				"header": [],
				"body": {
					"mode": "urlencoded",
					"urlencoded": [
						{
							"key": "name",
							"value": "test",
							"type": "text"
						},
						{
							"key": "price",
							"value": "1234",
							"type": "text"
						},
						{
							"key": "stock",
							"value": "10",
							"type": "text"
						}
					]
				},
				"url": {
					"raw": "http://localhost:3000/stock/64",
					"protocol": "http",
					"host": [
						"localhost"
					],
					"port": "3000",
					"path": [
						"stock",
						"64"
					]
				}
			},
			"response": []
		},
		{
			"name": "UpdateStockById",
			"request": {
				"method": "PUT",
				"header": [],
				"body": {
					"mode": "urlencoded",
					"urlencoded": [
						{
							"key": "name",
							"value": "test",
							"type": "text"
						},
						{
							"key": "price",
							"value": "1234",
							"type": "text"
						},
						{
							"key": "stock",
							"value": "10",
							"type": "text"
						}
					]
				},
				"url": {
					"raw": "http://localhost:3000/stock/12",
					"protocol": "http",
					"host": [
						"localhost"
					],
					"port": "3000",
					"path": [
						"stock",
						"12"
					]
				}
			},
			"response": []
		}
	],
	"protocolProfileBehavior": {}
}