{
	"info": {
		"_postman_id": "c6e88b68-393d-4369-933f-a11d78bac604",
		"name": "Todo NestWorkshop",
		"schema": "https://schema.getpostman.com/json/collection/v2.1.0/collection.json"
	},
	"item": [
		{
			"name": "AddTodo",
			"request": {
				"method": "POST",
				"header": [],
				"body": {
					"mode": "urlencoded",
					"urlencoded": [
						{
							"key": "title",
							"value": "angular homework",
							"type": "text"
						},
						{
							"key": "subtitle",
							"value": "Angular 9",
							"type": "text"
						}
					]
				},
				"url": {
					"raw": "http://localhost:3000/todo",
					"protocol": "http",
					"host": [
						"localhost"
					],
					"port": "3000",
					"path": [
						"todo"
					]
				}
			},
			"response": []
		},
		{
			"name": "DeleteTodById",
			"request": {
				"method": "GET",
				"header": [],
				"url": {
					"raw": ""
				}
			},
			"response": []
		},
		{
			"name": "GetTodos",
			"request": {
				"method": "GET",
				"header": [],
				"url": {
					"raw": ""
				}
			},
			"response": []
		}
	],
	"protocolProfileBehavior": {}
}