{
	"info": {
		"_postman_id": "81e6bcc7-2e64-4819-a1cb-759772ba182b",
		"name": "NestJSStockWorkshop",
		"schema": "https://schema.getpostman.com/json/collection/v2.1.0/collection.json"
	},
	"item": [
		{
			"name": "AddStock",
			"request": {
				"method": "POST",
				"header": [],
				"body": {
					"mode": "raw",
					"raw": "{\"name\":\"WeMOS ESP8266 v2\", \"price\":180, \"stock\":20}",
					"options": {
						"raw": {
							"language": "json"
						}
					}
				},
				"url": {
					"raw": "http://localhost:3000/stock",
					"protocol": "http",
					"host": [
						"localhost"
					],
					"port": "3000",
					"path": [
						"stock"
					]
				}
			},
			"response": []
		},
		{
			"name": "SignUp",
			"request": {
				"method": "POST",
				"header": [],
				"body": {
					"mode": "raw",
					"raw": "{\"username\":\"admin\", \"password\":\"12345678aA!\"}",
					"options": {
						"raw": {
							"language": "json"
						}
					}
				},
				"url": {
					"raw": "http://localhost:3000/auth/signup",
					"protocol": "http",
					"host": [
						"localhost"
					],
					"port": "3000",
					"path": [
						"auth",
						"signup"
					]
				}
			},
			"response": []
		},
		{
			"name": "SignIn",
			"request": {
				"method": "POST",
				"header": [],
				"body": {
					"mode": "raw",
					"raw": "{\"username\":\"admin\", \"password\":\"12345678aA!\"}",
					"options": {
						"raw": {
							"language": "json"
						}
					}
				},
				"url": {
					"raw": "http://localhost:3000/auth/signin",
					"protocol": "http",
					"host": [
						"localhost"
					],
					"port": "3000",
					"path": [
						"auth",
						"signin"
					]
				}
			},
			"response": []
		},
		{
			"name": "AddStockMultipart",
			"request": {
				"auth": {
					"type": "bearer",
					"bearer": [
						{
							"key": "token",
							"value": "eyJhbGciOiJIUzI1NiIsInR5cCI6IkpXVCJ9.eyJ1c2VybmFtZSI6ImFkbWluIiwiaWF0IjoxNTg4MzkwOTQ3LCJleHAiOjE1ODgzOTU5NDd9.JeDS0CqgXx0VdMGar01cPUn1b71zoSoYdSbenWn_4u8",
							"type": "string"
						}
					]
				},
				"method": "POST",
				"header": [],
				"body": {
					"mode": "formdata",
					"formdata": [
						{
							"key": "file",
							"type": "file",
							"src": "/Users/chaiyasit/Downloads/nest copy.jpeg"
						},
						{
							"key": "name",
							"value": "Aduino Uno R3",
							"type": "text"
						},
						{
							"key": "stock",
							"value": "10",
							"type": "text"
						},
						{
							"key": "price",
							"value": "220",
							"type": "text"
						}
					],
					"options": {
						"formdata": {}
					}
				},
				"url": {
					"raw": "http://localhost:3000/stock",
					"protocol": "http",
					"host": [
						"localhost"
					],
					"port": "3000",
					"path": [
						"stock"
					]
				}
			},
			"response": []
		},
		{
			"name": "GetStocks",
			"request": {
				"auth": {
					"type": "bearer",
					"bearer": [
						{
							"key": "token",
							"value": "eyJhbGciOiJIUzI1NiIsInR5cCI6IkpXVCJ9.eyJ1c2VybmFtZSI6ImFkbWluIiwiaWF0IjoxNTg4MzkwOTQ3LCJleHAiOjE1ODgzOTU5NDd9.JeDS0CqgXx0VdMGar01cPUn1b71zoSoYdSbenWn_4u8",
							"type": "string"
						}
					]
				},
				"method": "GET",
				"header": [],
				"url": {
					"raw": "http://localhost:3000/stock",
					"protocol": "http",
					"host": [
						"localhost"
					],
					"port": "3000",
					"path": [
						"stock"
					]
				}
			},
			"response": []
		},
		{
			"name": "GetStockById",
			"protocolProfileBehavior": {
				"disableBodyPruning": true
			},
			"request": {
				"method": "GET",
				"header": [],
				"body": {
					"mode": "urlencoded",
					"urlencoded": [
						{
							"key": "name",
							"value": "test",
							"type": "text"
						},
						{
							"key": "price",
							"value": "1234",
							"type": "text"
						},
						{
							"key": "stock",
							"value": "10",
							"type": "text"
						}
					],
					"options": {
						"urlencoded": {}
					}
				},
				"url": {
					"raw": "http://localhost:3000/stock/1",
					"protocol": "http",
					"host": [
						"localhost"
					],
					"port": "3000",
					"path": [
						"stock",
						"1"
					]
				}
			},
			"response": []
		},
		{
			"name": "DeleteStockById",
			"request": {
				"method": "DELETE",
				"header": [],
				"body": {
					"mode": "urlencoded",
					"urlencoded": [
						{
							"key": "name",
							"value": "test",
							"type": "text"
						},
						{
							"key": "price",
							"value": "1234",
							"type": "text"
						},
						{
							"key": "stock",
							"value": "10",
							"type": "text"
						}
					]
				},
				"url": {
					"raw": "http://localhost:3000/stock/33",
					"protocol": "http",
					"host": [
						"localhost"
					],
					"port": "3000",
					"path": [
						"stock",
						"33"
					]
				}
			},
			"response": []
		},
		{
			"name": "UpdateStockById",
			"request": {
				"method": "PUT",
				"header": [],
				"body": {
					"mode": "formdata",
					"formdata": [
						{
							"key": "name",
							"value": "Angular Programming",
							"type": "text"
						},
						{
							"key": "stock",
							"value": "13",
							"type": "text"
						},
						{
							"key": "price",
							"value": "12",
							"type": "text"
						},
						{
							"key": "file",
							"type": "file",
							"src": "/Users/chaiyasit/Downloads/Price iMin.png"
						}
					]
				},
				"url": {
					"raw": "http://localhost:3000/stock/1",
					"protocol": "http",
					"host": [
						"localhost"
					],
					"port": "3000",
					"path": [
						"stock",
						"1"
					]
				}
			},
			"response": []
		},
		{
			"name": "TestJWT",
			"protocolProfileBehavior": {
				"disableBodyPruning": true
			},
			"request": {
				"auth": {
					"type": "noauth"
				},
				"method": "GET",
				"header": [
					{
						"key": "Authorization",
						"value": "Bearer eyJhbGciOiJIUzI1NiIsInR5cCI6IkpXVCJ9.eyJ1c2VybmFtZSI6ImFkbWluIiwiaWF0IjoxNTg4Mzg2NzAzLCJleHAiOjE1ODgzOTE3MDN9.dzsQU4OZAW0tTwmq955DjL_4WnRHw9qf8pjaH0beAL0",
						"type": "text"
					}
				],
				"body": {
					"mode": "formdata",
					"formdata": [
						{
							"key": "name",
							"value": "Angular Programming",
							"type": "text"
						},
						{
							"key": "stock",
							"value": "13",
							"type": "text"
						},
						{
							"key": "price",
							"value": "12",
							"type": "text"
						},
						{
							"key": "file",
							"type": "file",
							"src": "/Users/chaiyasit/Downloads/Price iMin.png"
						}
					]
				},
				"url": {
					"raw": "http://localhost:3000/auth/test",
					"protocol": "http",
					"host": [
						"localhost"
					],
					"port": "3000",
					"path": [
						"auth",
						"test"
					]
				}
			},
			"response": []
		}
	],
	"protocolProfileBehavior": {}
}